{"institucion": "Subsecretar\u00eda del Interior", "cod_institucion": "0502", "experiencia_positivo": 245.73005054388548, "experiencia_negativo": 82.79095870510842, "experiencia_total": 393.9681465832176, "eval_inst_positivo": 222.32252233944487, "eval_inst_negativo": 70.14190426761675, "eval_inst_total": 396.99999999999636, "cantidad": 397, "experiencia_neta": 0.41, "eval_inst_neta": 0.38}