{"institucion": "Subsecretar\u00eda de Relaciones Exteriores", "cod_institucion": "0601", "experiencia_positivo": 656.3150017966963, "experiencia_negativo": 783.3235881843476, "experiencia_total": 1620.9999999995716, "eval_inst_positivo": 685.1580054620222, "eval_inst_negativo": 674.9797674857577, "eval_inst_total": 1617.101228669214, "cantidad": 1621, "experiencia_neta": -0.08, "eval_inst_neta": 0.0}