{"experiencia_positivo": 827.8181888522839, "experiencia_negativo": 177.582470076793, "experiencia_total": 1146.9999999999766, "eval_inst_positivo": 785.7127783770994, "eval_inst_negativo": 160.1218680470121, "eval_inst_total": 1146.9999999999766, "cantidad": 1147}