{"experiencia_positivo": 3243.554063750658, "experiencia_negativo": 3280.863299973078, "experiencia_total": 7264.0000000003365, "eval_inst_positivo": 3249.8533384698467, "eval_inst_negativo": 2986.9911235556838, "eval_inst_total": 7264.0000000003365, "cantidad": 7264}