{"experiencia_positivo": 2200.5937861584507, "experiencia_negativo": 220.6893620352118, "experiencia_total": 2668.0000000000286, "eval_inst_positivo": 1967.832723958583, "eval_inst_negativo": 272.5181860073709, "eval_inst_total": 2668.0000000000286, "cantidad": 2668}