{"experiencia_positivo": 765.4582462970119, "experiencia_negativo": 190.1026462993151, "experiencia_total": 1175.0000000000177, "eval_inst_positivo": 762.9194345666964, "eval_inst_negativo": 151.5762528222655, "eval_inst_total": 1175.0000000000177, "cantidad": 1175}