{"experiencia_positivo": 576.5378217450461, "experiencia_negativo": 240.81297066351266, "experiencia_total": 954.0000000000094, "eval_inst_positivo": 571.1698698413537, "eval_inst_negativo": 195.16772409299512, "eval_inst_total": 954.0000000000094, "cantidad": 954}