{"experiencia_positivo": 1282.1655517919635, "experiencia_negativo": 266.4981879205576, "experiencia_total": 1794.999999999952, "eval_inst_positivo": 1339.0309602818777, "eval_inst_negativo": 175.29537097362967, "eval_inst_total": 1794.999999999952, "cantidad": 1795}