{"experiencia_positivo": 911.1291387053805, "experiencia_negativo": 520.2323361051484, "experiencia_total": 1682.0000000000068, "eval_inst_positivo": 941.9117994595758, "eval_inst_negativo": 434.08924433067216, "eval_inst_total": 1682.0000000000068, "cantidad": 1682}