{"cod_institucion": "0803", "experiencia_positivo": 2904.2154190484807, "experiencia_negativo": 478.0659080954551, "experiencia_total": 4081.000000000025, "eval_inst_positivo": 2828.2462230087026, "eval_inst_negativo": 471.7384946497283, "eval_inst_total": 4081.000000000025, "cantidad": 4081, "experiencia_neta": 0.59, "eval_inst_neta": 0.57}