{"cod_institucion": "0804", "experiencia_positivo": 768.0408675019974, "experiencia_negativo": 702.553383466376, "experiencia_total": 1725.0000000000396, "eval_inst_positivo": 820.7600575278805, "eval_inst_negativo": 597.0333177249897, "eval_inst_total": 1725.0000000000396, "cantidad": 1725, "experiencia_neta": 0.04, "eval_inst_neta": 0.13}