{"cod_institucion": "0805", "experiencia_positivo": 2623.579370124513, "experiencia_negativo": 508.49230253429744, "experiencia_total": 3572.999999999972, "eval_inst_positivo": 2661.514114033329, "eval_inst_negativo": 435.1200191391405, "eval_inst_total": 3572.999999999972, "cantidad": 3573, "experiencia_neta": 0.59, "eval_inst_neta": 0.62}