{"cod_institucion": "0807", "experiencia_positivo": 1726.590398932762, "experiencia_negativo": 787.481149205687, "experiencia_total": 3123.000000000065, "eval_inst_positivo": 1528.4768963234503, "eval_inst_negativo": 808.2639208838516, "eval_inst_total": 3123.000000000065, "cantidad": 3123, "experiencia_neta": 0.3, "eval_inst_neta": 0.23}