{"cod_institucion": "0815", "experiencia_positivo": 650.5521419848254, "experiencia_negativo": 601.2630300266525, "experiencia_total": 1582.8405387552505, "eval_inst_positivo": 678.288988655932, "eval_inst_negativo": 471.60665786751076, "eval_inst_total": 1661.9999999999613, "cantidad": 1662, "experiencia_neta": 0.03, "eval_inst_neta": 0.13}