{"cod_institucion": "0817", "experiencia_positivo": 87.89802612717992, "experiencia_negativo": 48.32920414977695, "experiencia_total": 155.9999999999998, "eval_inst_positivo": 69.60878214751767, "eval_inst_negativo": 55.326974600793065, "eval_inst_total": 155.9999999999998, "cantidad": 156, "experiencia_neta": 0.25, "eval_inst_neta": 0.1}