{"cod_institucion": "0831", "experiencia_positivo": 616.6612398891745, "experiencia_negativo": 194.13484198114054, "experiencia_total": 929.9999999999947, "eval_inst_positivo": 590.3400604718895, "eval_inst_negativo": 174.21229169613608, "eval_inst_total": 929.9999999999947, "cantidad": 930, "experiencia_neta": 0.45, "eval_inst_neta": 0.44}