{"institucion": "Subsecretar\u00eda de Educaci\u00f3n", "cod_institucion": "0901", "experiencia_positivo": 1216.0582017639956, "experiencia_negativo": 585.9413877550006, "experiencia_total": 2094.0000000989703, "eval_inst_positivo": 1308.4421645539933, "eval_inst_negativo": 382.0493386349986, "eval_inst_total": 2093.7481115199707, "cantidad": 2094, "experiencia_neta": 0.3, "eval_inst_neta": 0.44}