{"institucion": "Junta Nacional de Auxilio Escolar y Becas", "cod_institucion": "0909", "experiencia_positivo": 1910.4907110279923, "experiencia_negativo": 922.6902264679943, "experiencia_total": 3460.000000460028, "eval_inst_positivo": 1428.0079510160192, "eval_inst_negativo": 1030.7950911100015, "eval_inst_total": 3458.997983734028, "cantidad": 3460, "experiencia_neta": 0.28, "eval_inst_neta": 0.11}