{"institucion": "Junta Nacional de Jardines Infantiles", "cod_institucion": "0911", "experiencia_positivo": 1158.8435082960048, "experiencia_negativo": 294.16721081399993, "experiencia_total": 1624.8061095930425, "eval_inst_positivo": 1103.6612155859993, "eval_inst_negativo": 279.5293498680002, "eval_inst_total": 1604.6142452280405, "cantidad": 1626, "experiencia_neta": 0.53, "eval_inst_neta": 0.52}