{"institucion": "Subsecretar\u00eda de Justicia", "cod_institucion": "1001", "experiencia_positivo": 919.5702742700033, "experiencia_negativo": 157.36941689399984, "experiencia_total": 1233.3983323020157, "eval_inst_positivo": 922.2520524220039, "eval_inst_negativo": 117.99439778999977, "eval_inst_total": 1232.1375536320156, "cantidad": 1236, "experiencia_neta": 0.62, "eval_inst_neta": 0.65}