{"institucion": "Servicio de Registro Civil e Identificaci\u00f3n", "cod_institucion": "1002", "experiencia_positivo": 3933.8919542468316, "experiencia_negativo": 1453.3828012290032, "experiencia_total": 6318.787813510051, "eval_inst_positivo": 3516.3664565348554, "eval_inst_negativo": 1572.7674089600032, "eval_inst_total": 6321.963551305052, "cantidad": 6323, "experiencia_neta": 0.39, "eval_inst_neta": 0.31}