{"experiencia_positivo": 1480.1590605849217, "experiencia_negativo": 89.09445100275816, "experiencia_total": 1707.9999999999638, "eval_inst_positivo": 1385.4496030744456, "eval_inst_negativo": 99.4272314639603, "eval_inst_total": 1707.9999999999638, "cantidad": 1708}