{"experiencia_positivo": 1444.6170260555932, "experiencia_negativo": 238.59346264427322, "experiencia_total": 1912.9999999999645, "eval_inst_positivo": 1315.713540891367, "eval_inst_negativo": 236.52015685790477, "eval_inst_total": 1912.9999999999645, "cantidad": 1913}