{"institucion": "Subsecretar\u00eda de Bienes Nacionales", "cod_institucion": "1401", "experiencia_positivo": 831.7701379790692, "experiencia_negativo": 521.0356889900221, "experiencia_total": 1583.9250395800434, "eval_inst_positivo": 734.9551898519172, "eval_inst_negativo": 524.2084998925181, "eval_inst_total": 1587.0958053574884, "cantidad": 1606}