{"institucion": "Direcci\u00f3n del Trabajo", "cod_institucion": "1502", "experiencia_positivo": 2248.8642559972377, "experiencia_negativo": 912.6304975956389, "experiencia_total": 3622.8808223059405, "eval_inst_positivo": 1919.8665413505084, "eval_inst_negativo": 1005.8425052077836, "eval_inst_total": 3617.6582285535364, "cantidad": 3679}