{"institucion": "Direcci\u00f3n General de Cr\u00e9dito Prendario", "cod_institucion": "1504", "experiencia_positivo": 1491.1146641515309, "experiencia_negativo": 29.850626414843347, "experiencia_total": 1602.000000000027, "eval_inst_positivo": 1432.997782421364, "eval_inst_negativo": 44.54318554847856, "eval_inst_total": 1602.000000000027, "cantidad": 1602}