{"institucion": "Servicio Nacional de Capacitaci\u00f3n y Empleo", "cod_institucion": "1505", "experiencia_positivo": 1492.7021646270723, "experiencia_negativo": 845.8429138888648, "experiencia_total": 3003.0909413935137, "eval_inst_positivo": 1629.362418182899, "eval_inst_negativo": 489.20320698486796, "eval_inst_total": 2984.846285850181, "cantidad": 3010}