{"institucion": "Superintendencia de Seguridad Social", "cod_institucion": "1506", "experiencia_positivo": 983.9251233500645, "experiencia_negativo": 617.8431609864398, "experiencia_total": 1825.888254016805, "eval_inst_positivo": 923.4810799175112, "eval_inst_negativo": 628.0643516395737, "eval_inst_total": 1825.150259081986, "cantidad": 1843}