{"institucion": "Superintendencia de Pensiones", "cod_institucion": "1507", "experiencia_positivo": 1053.7912505437012, "experiencia_negativo": 492.1962617107812, "experiencia_total": 1899.316032094757, "eval_inst_positivo": 773.2233810741733, "eval_inst_negativo": 563.2357433280715, "eval_inst_total": 1894.2498681989568, "cantidad": 1901}