{"institucion": "ChileAtiende", "cod_institucion": "1509", "experiencia_positivo": 5788.610566570811, "experiencia_negativo": 1544.7772829682092, "experiencia_total": 8377.937800113086, "eval_inst_positivo": 5631.37629473388, "eval_inst_negativo": 1383.6653361786487, "eval_inst_total": 8371.576199891178, "cantidad": 8695}