{"institucion": "Instituto de Seguridad Laboral", "cod_institucion": "1510", "experiencia_positivo": 1000.5338356375037, "experiencia_negativo": 315.0303800657999, "experiencia_total": 1549.999999999995, "eval_inst_positivo": 920.6790418076914, "eval_inst_negativo": 278.0534385236537, "eval_inst_total": 1544.2219388762094, "cantidad": 1550}