{"institucion": "Caja de Previsi\u00f3n de la Defensa Nacional", "cod_institucion": "1513", "experiencia_positivo": 1258.54012197616, "experiencia_negativo": 199.3211574709761, "experiencia_total": 1658.6059012876483, "eval_inst_positivo": 1223.9438620724368, "eval_inst_negativo": 180.82336853348951, "eval_inst_total": 1655.9074841496606, "cantidad": 1669}