{"institucion": "Direcci\u00f3n de Previsi\u00f3n de Carabineros de Chile", "cod_institucion": "1514", "experiencia_positivo": 1055.6541190504504, "experiencia_negativo": 285.99228753813736, "experiencia_total": 1597.8969171744566, "eval_inst_positivo": 784.9966672340421, "eval_inst_negativo": 394.6141860645301, "eval_inst_total": 1599.9999999999884, "cantidad": 1600}