{"institucion": "Fondo Nacional de Salud", "cod_institucion": "1602", "experiencia_positivo": 2275.6122972320154, "experiencia_negativo": 480.09884051800213, "experiencia_total": 3289.0416410359767, "eval_inst_positivo": 1881.218201700016, "eval_inst_negativo": 481.10781310800235, "eval_inst_total": 3286.6071206469774, "cantidad": 3288, "experiencia_neta": 0.54, "eval_inst_neta": 0.42}