{"institucion": "Instituto de Salud P\u00fablica", "cod_institucion": "1604", "experiencia_positivo": 248.1970247340396, "experiencia_negativo": 123.0459912270199, "experiencia_total": 466.15367886917966, "eval_inst_positivo": 219.1653293160398, "eval_inst_negativo": 112.73140299623992, "eval_inst_total": 467.00000000001967, "cantidad": 467, "experiencia_neta": 0.27, "eval_inst_neta": 0.23}