{"institucion": "Subsecretar\u00eda de Salud P\u00fablica (COMPIN)", "cod_institucion": "1609", "experiencia_positivo": 1679.8184119555863, "experiencia_negativo": 1909.3895329215452, "experiencia_total": 4456.104087227415, "eval_inst_positivo": 1828.795249980496, "eval_inst_negativo": 1734.8892099272177, "eval_inst_total": 4389.04921958594, "cantidad": 4457, "experiencia_neta": -0.05, "eval_inst_neta": 0.02}