{"institucion": "Superintendencia de Salud", "cod_institucion": "1611", "experiencia_positivo": 1149.574095601361, "experiencia_negativo": 666.1140220811307, "experiencia_total": 2107.797794770323, "eval_inst_positivo": 1064.1937396189603, "eval_inst_negativo": 572.9416529277023, "eval_inst_total": 2110.2568724142593, "cantidad": 2115, "experiencia_neta": 0.23, "eval_inst_neta": 0.23}