{"cod_institucion": "1801", "experiencia_positivo": 3591.901555915861, "experiencia_negativo": 6951.79230509232, "experiencia_total": 12904.999999998738, "eval_inst_positivo": 3345.6034858657417, "eval_inst_negativo": 6540.10340846959, "eval_inst_total": 12904.999999998738, "cantidad": 12905, "experiencia_neta": -0.26, "eval_inst_neta": -0.25}