{"cod_institucion": "1821", "experiencia_positivo": 97.840155667548, "experiencia_negativo": 130.36531224967385, "experiencia_total": 278.0000000000016, "eval_inst_positivo": 90.72949420661945, "eval_inst_negativo": 117.33327866887876, "eval_inst_total": 278.0000000000016, "cantidad": 278, "experiencia_neta": -0.12, "eval_inst_neta": -0.09}