{"cod_institucion": "1822", "experiencia_positivo": 163.54143084740156, "experiencia_negativo": 160.69440471679331, "experiencia_total": 397.00000000000006, "eval_inst_positivo": 159.67233312009492, "eval_inst_negativo": 143.37483399274504, "eval_inst_total": 397.00000000000006, "cantidad": 397, "experiencia_neta": 0.01, "eval_inst_neta": 0.04}