{"cod_institucion": "1823", "experiencia_positivo": 101.5998488569816, "experiencia_negativo": 161.8702059323646, "experiencia_total": 308.000000000001, "eval_inst_positivo": 92.01303608539641, "eval_inst_negativo": 150.1194502172691, "eval_inst_total": 308.000000000001, "cantidad": 308, "experiencia_neta": -0.2, "eval_inst_neta": -0.19}