{"cod_institucion": "1824", "experiencia_positivo": 147.31345061915275, "experiencia_negativo": 255.9047216024097, "experiencia_total": 482.9999999999959, "eval_inst_positivo": 134.2040381688407, "eval_inst_negativo": 244.0841204209933, "eval_inst_total": 482.9999999999959, "cantidad": 483, "experiencia_neta": -0.23, "eval_inst_neta": -0.23}