{"cod_institucion": "1825", "experiencia_positivo": 531.6501094796854, "experiencia_negativo": 1014.2167567715899, "experiencia_total": 1896.9999999999616, "eval_inst_positivo": 504.55994908317774, "eval_inst_negativo": 926.7346232023306, "eval_inst_total": 1896.9999999999616, "cantidad": 1897, "experiencia_neta": -0.25, "eval_inst_neta": -0.22}