{"cod_institucion": "1826", "experiencia_positivo": 196.75571638734033, "experiencia_negativo": 456.665828926397, "experiencia_total": 785.9999999999919, "eval_inst_positivo": 189.07318453169444, "eval_inst_negativo": 439.59475541008294, "eval_inst_total": 785.9999999999919, "cantidad": 786, "experiencia_neta": -0.33, "eval_inst_neta": -0.32}