{"cod_institucion": "1827", "experiencia_positivo": 416.90896903470315, "experiencia_negativo": 939.2359746556377, "experiencia_total": 1659.9999999999477, "eval_inst_positivo": 391.400488216287, "eval_inst_negativo": 892.6305928713053, "eval_inst_total": 1659.9999999999477, "cantidad": 1660, "experiencia_neta": -0.32, "eval_inst_neta": -0.3}