{"cod_institucion": "1828", "experiencia_positivo": 520.9350400286951, "experiencia_negativo": 1007.8065624791368, "experiencia_total": 1905.999999999927, "eval_inst_positivo": 489.8576651550482, "eval_inst_negativo": 954.3658080139415, "eval_inst_total": 1905.999999999927, "cantidad": 1906, "experiencia_neta": -0.26, "eval_inst_neta": -0.24}