{"cod_institucion": "1829", "experiencia_positivo": 222.78027827615486, "experiencia_negativo": 388.5209027438511, "experiencia_total": 740.0000000000064, "eval_inst_positivo": 202.86104312720516, "eval_inst_negativo": 361.72064167312743, "eval_inst_total": 740.0000000000064, "cantidad": 740, "experiencia_neta": -0.23, "eval_inst_neta": -0.22}