{"cod_institucion": "1830", "experiencia_positivo": 170.35292432555406, "experiencia_negativo": 350.4524546717853, "experiencia_total": 628.9999999999957, "eval_inst_positivo": 150.22330821479056, "eval_inst_negativo": 321.4831855890658, "eval_inst_total": 628.9999999999957, "cantidad": 629, "experiencia_neta": -0.29, "eval_inst_neta": -0.27}