{"cod_institucion": "1831", "experiencia_positivo": 104.13897486374519, "experiencia_negativo": 133.64548454977506, "experiencia_total": 271.999999999999, "eval_inst_positivo": 84.79348063739052, "eval_inst_negativo": 118.58889405161192, "eval_inst_total": 271.999999999999, "cantidad": 272, "experiencia_neta": -0.11, "eval_inst_neta": -0.13}