{"cod_institucion": "1832", "experiencia_positivo": 85.82576548566493, "experiencia_negativo": 161.35527506438666, "experiencia_total": 308.9999999999984, "eval_inst_positivo": 81.52085508557826, "eval_inst_negativo": 154.31239703937456, "eval_inst_total": 308.9999999999984, "cantidad": 309, "experiencia_neta": -0.24, "eval_inst_neta": -0.24}