{"cod_institucion": "1833", "experiencia_positivo": 534.9166361614123, "experiencia_negativo": 1186.540064003855, "experiencia_total": 2101.000000000051, "eval_inst_positivo": 487.9785183734905, "eval_inst_negativo": 1131.943160475356, "eval_inst_total": 2101.000000000051, "cantidad": 2101, "experiencia_neta": -0.31, "eval_inst_neta": -0.31}