{"cod_institucion": "1834", "experiencia_positivo": 121.67170383686299, "experiencia_negativo": 227.4255098028199, "experiencia_total": 429.0000000000028, "eval_inst_positivo": 118.79579798887691, "eval_inst_negativo": 225.2685804168304, "eval_inst_total": 429.0000000000028, "cantidad": 429, "experiencia_neta": -0.25, "eval_inst_neta": -0.25}