{"cod_institucion": "1835", "experiencia_positivo": 94.63859527159113, "experiencia_negativo": 140.07802450145942, "experiencia_total": 314.99999999999864, "eval_inst_positivo": 87.73958167974072, "eval_inst_negativo": 146.59429175128557, "eval_inst_total": 314.99999999999864, "cantidad": 315, "experiencia_neta": -0.14, "eval_inst_neta": -0.19}