{"cod_institucion": "1836", "experiencia_positivo": 81.0319567733217, "experiencia_negativo": 237.01482242067206, "experiencia_total": 394.9999999999986, "eval_inst_positivo": 80.18071219148001, "eval_inst_negativo": 211.95479467560915, "eval_inst_total": 394.9999999999986, "cantidad": 395, "experiencia_neta": -0.39, "eval_inst_neta": -0.34}