{"institucion": "Subsecretar\u00eda de Transportes", "cod_institucion": "1901", "experiencia_positivo": 503.90564265722645, "experiencia_negativo": 794.1908544931913, "experiencia_total": 1514.9999999999595, "eval_inst_positivo": 469.3155084953649, "eval_inst_negativo": 747.672462714681, "eval_inst_total": 1514.9999999999595, "cantidad": 1515, "experiencia_neta": -0.19, "eval_inst_neta": -0.18}