{"experiencia_positivo": 2312.315199215514, "experiencia_negativo": 271.60025573896314, "experiencia_total": 3013.0000000001287, "eval_inst_positivo": 2150.1299603414245, "eval_inst_negativo": 268.16723320572885, "eval_inst_total": 3013.0000000001287, "cantidad": 3013}