{"experiencia_positivo": 1606.6677146623758, "experiencia_negativo": 431.8576389322116, "experiencia_total": 2399.999999999956, "eval_inst_positivo": 1748.955589102511, "eval_inst_negativo": 240.53763843316275, "eval_inst_total": 2399.999999999956, "cantidad": 2400}