{"experiencia_positivo": 1076.1879019478395, "experiencia_negativo": 323.0199047439354, "experiencia_total": 1632.0000000000132, "eval_inst_positivo": 1052.9156127853855, "eval_inst_negativo": 257.2050638605905, "eval_inst_total": 1632.0000000000132, "cantidad": 1632}