{"experiencia_positivo": 984.2283218964604, "experiencia_negativo": 200.61509669369858, "experiencia_total": 1399.999999999998, "eval_inst_positivo": 1006.9469744229738, "eval_inst_negativo": 180.8359326263251, "eval_inst_total": 1399.999999999998, "cantidad": 1400}