{"institucion": "Superintendencia de Electricidad y Combustibles", "cod_institucion": "2404", "experiencia_positivo": 714.2200000000116, "experiencia_negativo": 911.9700000000117, "experiencia_total": 1848.9500000000241, "eval_inst_positivo": 671.2600000000105, "eval_inst_negativo": 837.3100000000103, "eval_inst_total": 1823.6500000000233, "cantidad": 1858}