{"cod_institucion": "2902", "experiencia_positivo": 1111.3554736908036, "experiencia_negativo": 364.34008027456287, "experiencia_total": 1792.9999999999595, "eval_inst_positivo": 1120.3995244822493, "eval_inst_negativo": 265.5880434575663, "eval_inst_total": 1792.9999999999595, "cantidad": 1793, "experiencia_neta": 0.42, "eval_inst_neta": 0.47}